iteration,throughput(MBs),iteration_time,time_diff,iter_persec
4,20.0,5.181087493896484,5.066805362701416, 0.7894945728064432
4,20.0,5.178572654724121,5.066184759140015, 0.7895914391072917
4,20.0,5.173600196838379,5.066140174865723, 0.7895994659200466
4,20.0,5.185891628265381,5.066529273986816, 0.7895653159345378
11,28.0,10.908271551132202,5.729660272598267, 1.2217727104023048
11,28.0,10.91080379486084,5.729675769805908, 1.2217731679807606
11,28.0,10.903320789337158,5.729682683944702, 1.2217708800919087
11,28.0,10.915222406387329,5.729297637939453, 1.2218567072129058
18,28.0,16.37368941307068,5.465375900268555, 1.2808693959099873
18,28.0,16.380664587020874,5.465395450592041, 1.2808660990337268
18,28.0,16.376277208328247,5.465444326400757, 1.28085877891152
18,28.0,16.368972778320312,5.465624570846558, 1.2808446418130957
6,28.0,23.399157762527466,5.455188512802124, 1.099912442581009
6,28.0,23.394942045211792,5.453176259994507, 1.1003385381380415
6,28.0,23.392436742782593,5.455444097518921, 1.0998864354724116
6,28.0,23.387676239013672,5.455055236816406, 1.1000005682312404
13,28.0,28.89525866508484,5.4960572719573975, 1.2736922868290468
13,28.0,28.888540744781494,5.496061086654663, 1.2737214068469256
13,28.0,28.8835768699646,5.495852470397949, 1.2737706984124575
13,28.0,28.89146113395691,5.496453046798706, 1.2736958784101204
20,28.0,34.40326523780823,5.507962703704834, 1.2709376652379503
20,28.0,34.399078607559204,5.507549285888672, 1.2710728544093697
20,28.0,34.39656376838684,5.507978677749634, 1.270961542715485
20,28.0,34.3916392326355,5.5080249309539795, 1.270960002205989
6,28.0,39.89523506164551,5.493245363235474, 1.0923021285586876
6,28.0,39.89968490600586,5.496186256408691, 1.0917292837757249
6,28.0,39.88786339759827,5.495985984802246, 1.0917726206014586
6,28.0,39.8929488658905,5.496081590652466, 1.0917641424162186
12,24.0,45.36639618873596,5.466675758361816, 1.0976268875543915
12,24.0,45.36210489273071,5.466796636581421, 1.097622435304767
12,24.0,45.35964918136597,5.466671705245972, 1.0976525485357864
12,24.0,45.35467720031738,5.466789245605469, 1.0976302387338477
19,28.0,50.85682153701782,5.490362882614136, 1.2750202304354514
19,28.0,50.845149993896484,5.490423917770386, 1.2750290343603627
19,28.0,50.85018181800842,5.4904961585998535, 1.2750221130255275
19,28.0,50.85276937484741,5.4906165599823, 1.2750031766374579
6,28.0,57.13671684265137,5.498930931091309, 1.0911567556542745
6,28.0,57.12997770309448,5.499060869216919, 1.0911521664959136
6,28.0,57.12512397766113,5.4992516040802, 1.091125578523675
6,28.0,57.13280367851257,5.497455596923828, 1.0915017626970267
13,28.0,62.65039539337158,5.5136494636535645, 1.2696318784147695
13,28.0,62.64353942871094,5.513524293899536, 1.2696701471016294
13,28.0,62.63868308067322,5.513503789901733, 1.2696868389013571
13,28.0,62.6466965675354,5.513829946517944, 1.269688211601786
20,28.0,68.13995671272278,5.489527225494385, 1.275188633497574
20,28.0,68.13306856155396,5.4894750118255615, 1.2752092923783296
20,28.0,68.12838363647461,5.489636182785034, 1.275202701402643
20,28.0,68.13589525222778,5.48913311958313, 1.2753292711203554
6,28.0,73.62680864334106,5.498104095458984, 1.0913440924961135
6,28.0,73.63873410224915,5.498544454574585, 1.0912658186625799
6,28.0,73.6321189403534,5.498821973800659, 1.091240881293097
6,28.0,73.63482117652893,5.495723009109497, 1.0918849334575087
12,24.0,78.72603154182434,5.093860626220703, 1.177944048717403
12,24.0,78.73295617103577,5.094163179397583, 1.1778702257449054
12,24.0,78.72109961509705,5.094217538833618, 1.1778603576543742
12,24.0,78.72881054878235,5.093942642211914, 1.177956454531293
19,28.0,84.44119215011597,5.720033884048462, 1.2238329421961962
19,28.0,84.45310354232788,5.720116853713989, 1.223819219680261
19,28.0,84.44625449180603,5.720190525054932, 1.2238137613672775
19,28.0,84.448979139328,5.720115423202515, 1.2238457467544053
6,28.0,90.73403263092041,5.494535684585571, 1.092051005552289
6,28.0,90.72216057777405,5.494557857513428, 1.0920458402096556
6,28.0,90.7272310256958,5.494665861129761, 1.0920432812506713
6,28.0,90.73011922836304,5.492132902145386, 1.0925886104199714
13,28.0,96.2218906879425,5.499686241149902, 1.2728646087651347
13,28.0,96.23379445075989,5.499703407287598, 1.272858152369474
13,28.0,96.22719979286194,5.499942302703857, 1.2728451845931779
13,28.0,96.22980046272278,5.499627590179443, 1.272939607083063
20,28.0,101.72342443466187,5.489580154418945, 1.2752089600585967
20,28.0,101.71156883239746,5.489646911621094, 1.275201815226234
20,28.0,101.71665287017822,5.489403963088989, 1.275272934799827
20,28.0,101.71925711631775,5.4893958568573, 1.2752785294330482
6,28.0,107.20830774307251,5.4963672161102295, 1.091673400926519
6,28.0,107.22037625312805,5.496584892272949, 1.0916565424784073
6,28.0,107.21346998214722,5.4965126514434814, 1.0916746321818962
6,28.0,107.21618509292603,5.495164155960083, 1.09196092708591
13,28.0,112.70188641548157,5.49354362487793, 1.2742857802566252
13,28.0,112.71378755569458,5.4933671951293945, 1.2743330137097844
13,28.0,112.70692563056946,5.493407726287842, 1.2743330137097844
13,28.0,112.70959782600403,5.49338173866272, 1.2743481689788723
19,24.0,117.77175831794739,5.069793939590454, 1.183534820815215
19,24.0,117.78364539146423,5.0697667598724365, 1.183535600069585
19,24.0,117.77686858177185,5.0698840618133545, 1.1835236887219693
19,24.0,117.77945709228516,5.069824934005737, 1.183556028032311
6,28.0,124.05242586135864,5.487373113632202, 1.0934849246758465
6,28.0,124.04060792922974,5.487529039382935, 1.0934584604539461
6,28.0,124.04810380935669,5.48586368560791, 1.0937946560242533
6,28.0,124.04560136795044,5.487499713897705, 1.0934715261125616
13,28.0,129.55122303962708,5.510582208633423, 1.2703464612568085
13,28.0,129.56314063072205,5.510663270950317, 1.270338876128827
13,28.0,129.55625343322754,5.510621786117554, 1.2703552007557022
13,28.0,129.5589461326599,5.510809421539307, 1.2703200236306185
20,28.0,135.05574941635132,5.4925642013549805, 1.2745118577921843
20,28.0,135.04885697364807,5.4925806522369385, 1.274514402796453
20,28.0,135.04389667510986,5.49262261390686, 1.2745031163331941
20,28.0,135.05149221420288,5.492492914199829, 1.2745385808439422
6,28.0,140.5584750175476,5.50930643081665, 1.0891174910047423
6,28.0,140.5653977394104,5.509292840957642, 1.0891210260988824
6,28.0,140.55369544029236,5.509463787078857, 1.0891084412683152
6,28.0,140.56244158744812,5.50911021232605, 1.0892915862998658
13,28.0,146.07200646400452,5.518203020095825, 1.2685850792577047
13,28.0,146.0839068889618,5.518465995788574, 1.26852791218023
13,28.0,146.07749485969543,5.518972158432007, 1.2684935486410285
13,28.0,146.08016848564148,5.517660140991211, 1.2688246011917133
19,24.0,151.13005948066711,5.0460803508758545, 1.1890953626563043
19,24.0,151.11825132369995,5.046180963516235, 1.1890829458486252
19,24.0,151.12359929084778,5.046064376831055, 1.1891635754466388
19,24.0,151.12620997428894,5.045987844467163, 1.1891844229265738
6,28.0,157.4369695186615,5.5310959815979, 1.0848256759678137
6,28.0,157.44917249679565,5.531442165374756, 1.0847898094048132
6,28.0,157.44225645065308,5.53141450881958, 1.084799488934567
6,28.0,157.44487500190735,5.52937388420105, 1.0852108181001288
13,28.0,162.9715654850006,5.52172589302063, 1.2677719609445033
13,28.0,162.95970129966736,5.521777391433716, 1.2677572901339724
13,28.0,162.96479153633118,5.521878957748413, 1.2677616694448488
13,28.0,162.96749067306519,5.5220537185668945, 1.267739280536051
20,28.0,168.4781882762909,5.518429756164551, 1.2685225410417749
20,28.0,168.4901089668274,5.518508434295654, 1.2685057702287228
20,28.0,168.48326563835144,5.518438816070557, 1.2685360785901336
20,28.0,168.4859185218811,5.5183656215667725, 1.2685660595334247
6,28.0,173.99032545089722,5.51194953918457, 1.0885892760186162
6,28.0,174.00236201286316,5.511998653411865, 1.0885975166081927
6,28.0,173.99549341201782,5.511995315551758, 1.0886042504397315
6,28.0,173.9983847141266,5.5095391273498535, 1.0891331869979803
13,28.0,179.51061034202576,5.508214473724365, 1.2708842467572032
13,28.0,179.49875593185425,5.508385181427002, 1.2708519007766794
13,28.0,179.5038502216339,5.508328437805176, 1.2708900229984208
13,28.0,179.50662350654602,5.508193492889404, 1.2709456426364043
20,28.0,185.24962091445923,5.738976955413818, 1.2197966820511605
20,28.0,185.2377200126648,5.738900899887085, 1.2198078312484655
20,28.0,185.24284505844116,5.738958835601807, 1.2198230857076953
20,28.0,185.245751619339,5.739046096801758, 1.2198492370968994
6,28.0,191.00264644622803,5.764559268951416, 1.0409081931662159
6,28.0,191.01455545425415,5.764585256576538, 1.0409028114416559
6,28.0,191.0079309940338,5.764834642410278, 1.0408831793822457
6,28.0,191.01055598258972,5.76268196105957, 1.0412707050510381
13,28.0,196.55304050445557,5.538451194763184, 1.2639470198424612
13,28.0,196.54116940498352,5.5384840965271, 1.2639414697775735
13,28.0,196.54624581336975,5.538241147994995, 1.2640068765807282
13,28.0,196.54892992973328,5.538316488265991, 1.2640172160460776
20,28.0,202.05907702445984,5.51787805557251, 1.268670866945655
20,28.0,202.07098126411438,5.517908573150635, 1.2686611638584553
20,28.0,202.06423830986023,5.517964839935303, 1.2686674132874356
20,28.0,202.06676721572876,5.517730951309204, 1.268738354104368
6,28.0,207.57083821296692,5.511497259140015, 1.0886809654919116
6,28.0,207.58283114433289,5.511582851409912, 1.0886815306521194
6,28.0,207.57848811149597,5.509872198104858, 1.0890201199670115
6,28.0,207.57609629631042,5.511626482009888, 1.0886927868818135
13,28.0,213.0776607990265,5.494798421859741, 1.2739931657680916
13,28.0,213.07075476646423,5.494599342346191, 1.2740423125138398
13,28.0,213.07332587242126,5.494776010513306, 1.2740078706960547
13,28.0,213.06594944000244,5.495078086853027, 1.273943083109324
20,28.0,218.93315768241882,5.867178201675415, 1.2704325972890316
20,28.0,218.94518089294434,5.867471694946289, 1.2703906546732389
20,28.0,218.94078826904297,5.867419958114624, 1.2704044520039526
20,28.0,218.93832516670227,5.8675315380096436, 1.2703881261112602
6,28.0,224.43100428581238,5.4854350090026855, 1.093864116576843
6,28.0,224.4191496372223,5.485794305801392, 1.0937951314258414
6,28.0,224.42664337158203,5.483165502548218, 1.0943250807443272
6,28.0,224.4249620437622,5.486292600631714, 1.0937779696903251
13,28.0,229.92975401878357,5.498663663864136, 1.2730891334120917
13,28.0,229.9254505634308,5.498733997344971, 1.2730905134790471
13,28.0,229.92295861244202,5.497911214828491, 1.2732869551279327
13,28.0,229.91826248168945,5.499058485031128, 1.2730619191029913
20,28.0,235.44082736968994,5.5110368728637695, 1.2702393434587178
20,28.0,235.43646717071533,5.510991334915161, 1.2702520383649054
20,28.0,235.42916917800903,5.510830640792847, 1.2703172754997667
20,28.0,235.43428564071655,5.511298656463623, 1.2702242308060048
6,28.0,240.95173406600952,5.5106470584869385, 1.0888476189804523
6,28.0,240.9474310874939,5.509129762649536, 1.0891618463149255
6,28.0,240.9450340270996,5.510379791259766, 1.0889306350315235
6,28.0,240.94035959243774,5.510960578918457, 1.0888455460968967
13,28.0,246.4407298564911,5.488950729370117, 1.2753466106356406
13,28.0,246.43637585639954,5.488922595977783, 1.2753609036257492
13,28.0,246.43411111831665,5.489038705825806, 1.2753685488449906
13,28.0,246.42988204956055,5.489480495452881, 1.2753637290221826
20,28.0,251.93909096717834,5.498327255249023, 1.2731740407015835
20,28.0,251.92730975151062,5.497362852096558, 1.2734135866651972
20,28.0,251.9350962638855,5.498643636703491, 1.2731581956339537
20,28.0,251.93274474143982,5.498587131500244, 1.2731897757409143
6,28.0,257.71376156806946,5.774459362030029, 1.0391031460568658
6,28.0,257.7094819545746,5.77223801612854, 1.0395173426832995
6,28.0,257.7020435333252,5.774483680725098, 1.0391153311708825
6,28.0,257.7072067260742,5.773952007293701, 1.0392322198103427
13,28.0,263.21399426460266,5.5001983642578125, 1.2727362657031713
13,28.0,263.2096827030182,5.500163555145264, 1.2727560727669969
13,28.0,263.20230317115784,5.500230550765991, 1.272756569330836
13,28.0,263.20781683921814,5.500564813613892, 1.27277356308241
20,28.0,268.7235243320465,5.509474515914917, 1.2706074338260276
20,28.0,268.71162390708923,5.509275436401367, 1.2706573645374146
20,28.0,268.71663665771484,5.508777856826782, 1.2707761032115004
20,28.0,268.7192339897156,5.509485721588135, 1.2706201910794974
6,28.0,274.22166872024536,5.4978928565979, 1.0914122008125757
6,28.0,274.2147765159607,5.497793197631836, 1.0914370040065897
6,28.0,274.2098205089569,5.497880458831787, 1.0914223302250898
6,28.0,274.21739506721497,5.49633264541626, 1.0917257317294522
13,28.0,279.72683000564575,5.50511360168457, 1.271611695831462
13,28.0,279.7224533557892,5.505019664764404, 1.2716343869575233
13,28.0,279.71507716178894,5.505223989486694, 1.2715950635301023
13,28.0,279.7203423976898,5.505539178848267, 1.271566426149944
20,28.0,285.2359800338745,5.509113073348999, 1.2706928903181718
20,28.0,285.231595993042,5.509116888046265, 1.2706960250412584
20,28.0,285.2241311073303,5.5090227127075195, 1.2707195084587526
20,28.0,285.22950887680054,5.509103775024414, 1.2707429927442448
6,28.0,290.7374496459961,5.50115966796875, 1.0907293726164509
6,28.0,290.7308142185211,5.500749826431274, 1.090841329070674
6,28.0,290.73333168029785,5.500054836273193, 1.0909796516089092
6,28.0,290.72594952583313,5.501538991928101, 1.0907062560931708
12,24.0,296.0152430534363,5.277752161026001, 1.1368991358403837
12,24.0,296.0034170150757,5.2774341106414795, 1.136972021645359
12,24.0,296.0111722946167,5.277799844741821, 1.1369347814301463
12,24.0,296.0087821483612,5.277951717376709, 1.1369257927781713
19,28.0,301.55731868743896,5.542011976242065, 1.2631613546933447
19,28.0,301.5504012107849,5.541552543640137, 1.2632652709109182
19,28.0,301.5455095767975,5.5420215129852295, 1.2631745606701472
19,28.0,301.55318117141724,5.5419838428497314, 1.2631954842851378
6,28.0,307.8705327510834,5.5203940868377686, 1.0869229590131815
6,28.0,307.8588647842407,5.520600318908691, 1.0869131946077568
6,28.0,307.8666524887085,5.518952131271362, 1.0872861504759082
6,28.0,307.8643000125885,5.5210278034210205, 1.086871275379762
13,28.0,313.39631819725037,5.52573037147522, 1.2668527902332634
13,28.0,313.38941764831543,5.525040149688721, 1.2670153791952061
13,28.0,313.3846354484558,5.525721788406372, 1.2668788104094353
13,28.0,313.39222264289856,5.525542736053467, 1.2669311273178245
20,28.0,318.88148188591003,5.496789216995239, 1.2735362107578727
20,28.0,318.8933906555176,5.49704122543335, 1.2734796460800355
20,28.0,318.8865087032318,5.497058391571045, 1.2734841202514235
20,28.0,318.8894114494324,5.4971630573272705, 1.2735083144635735
6,28.0,324.7506432533264,5.856951475143433, 1.0897873531384783
6,28.0,324.73882842063904,5.857031345367432, 1.0897818316517365
6,28.0,324.7463757991791,5.853555202484131, 1.0904804369925305
6,28.0,324.7442820072174,5.857497930526733, 1.0897698450269409
12,24.0,329.7771575450897,5.030742406845093, 1.1927392638852414
12,24.0,329.7696633338928,5.030800819396973, 1.1927251880524556
12,24.0,329.7815718650818,5.030836582183838, 1.1927176697718649
12,24.0,329.77532839775085,5.030919075012207, 1.1928008283591873
19,28.0,335.2961654663086,5.526453256607056, 1.2666921557151338
19,28.0,335.30808782577515,5.526468515396118, 1.2666909534327433
19,28.0,335.30371260643005,5.526505470275879, 1.2666882209812529
19,28.0,335.30210638046265,5.5267369747161865, 1.2667779061952462
6,28.0,341.60970306396484,5.5165855884552, 1.0876780720086299
6,28.0,341.60535979270935,5.515016078948975, 1.0879978805379829
6,28.0,341.5978653430939,5.516618013381958, 1.087681832815918
6,28.0,341.6029517650604,5.516650199890137, 1.0876921751700606
13,28.0,347.1040439605713,5.506115436553955, 1.2713715059520365
13,28.0,347.111567735672,5.50614333152771, 1.2713712857370258
13,28.0,347.1160213947296,5.506270885467529, 1.271351026282383
13,28.0,347.10939741134644,5.506418943405151, 1.2713485489477234
20,28.0,352.6494643688202,5.533390998840332, 1.2651157403497426
20,28.0,352.6450788974762,5.53347373008728, 1.2651024392413073
20,28.0,352.6376037597656,5.533525228500366, 1.265095189164731
20,28.0,352.6430184841156,5.53353214263916, 1.2651419617965851
6,28.0,358.1715669631958,5.5218541622161865, 1.08664596212948
6,28.0,358.1597030162811,5.52178168296814, 1.0866592877871397
6,28.0,358.164733171463,5.52140474319458, 1.0867465695408016
6,28.0,358.16733026504517,5.520615339279175, 1.086921738452909
12,24.0,363.48755073547363,5.327798843383789, 1.1262184376037685
12,24.0,363.49944734573364,5.327822923660278, 1.1262181856017508
12,24.0,363.49504470825195,5.327678918838501, 1.1262486282615556
12,24.0,363.4925355911255,5.3277716636657715, 1.126229878614161
19,28.0,369.0101115703583,5.522494554519653, 1.2676004212767011
19,28.0,369.02204394340515,5.522543907165527, 1.2675977943549142
19,28.0,369.0176577568054,5.522492170333862, 1.2676138296929387
19,28.0,369.015273809433,5.522684574127197, 1.2675824161353904
6,28.0,375.30704951286316,5.49787974357605, 1.09138479554086
6,28.0,375.31145215034485,5.499847650527954, 1.0909942661924108
6,28.0,375.29960918426514,5.49998140335083, 1.0909771922352887
6,28.0,375.30515813827515,5.5004260540008545, 1.0909476333237196
13,28.0,380.8270146846771,5.515502691268921, 1.269225066255767
13,28.0,380.8151662349701,5.515511989593506, 1.2692322540078882
13,28.0,380.8201582431793,5.514965772628784, 1.269350671596418
13,28.0,380.8227388858795,5.515627384185791, 1.269223584820792
20,28.0,386.3513536453247,5.524271726608276, 1.2672136695503564
20,28.0,386.3394584655762,5.524252891540527, 1.267216240185807
20,28.0,386.3469560146332,5.524187326431274, 1.2672310625638656
20,28.0,386.3444502353668,5.524257183074951, 1.267220506369784
6,28.0,391.8609676361084,5.521191835403442, 1.0867706918099989
6,28.0,391.87292194366455,5.521251916885376, 1.0867661864021305
6,28.0,391.86859464645386,5.519885778427124, 1.087053903495063
6,28.0,391.8661320209503,5.5213446617126465, 1.0867666557137072
13,28.0,397.7546064853668,5.88163948059082, 1.1902014257140194
13,28.0,397.74272561073303,5.881681203842163, 1.1901879645604432
13,28.0,397.74771308898926,5.881542444229126, 1.1902269979196658
13,28.0,397.7509346008301,5.882314682006836, 1.190133881776199
19,24.0,402.85826349258423,5.103605508804321, 1.175715250856436
19,24.0,402.8463833332062,5.103603363037109, 1.1757146466496335
19,24.0,402.8538875579834,5.1029212474823, 1.1758758820357327
19,24.0,402.8515625,5.103793382644653, 1.1756884466428945
6,28.0,409.163122177124,5.516538858413696, 1.0876864398402888
6,28.0,409.1562271118164,5.516322374343872, 1.087733358494673
6,28.0,409.15138602256775,5.516664743423462, 1.087676003575707
6,28.0,409.1604599952698,5.516716480255127, 1.0876908118484874
13,28.0,414.6697733402252,5.506620168685913, 1.2712616281395825
13,28.0,414.6653823852539,5.504887104034424, 1.2716543249745238
13,28.0,414.6578879356384,5.506453514099121, 1.2712922334775165
13,28.0,414.66298627853394,5.506699085235596, 1.2712627290254688
20,28.0,420.16857409477234,5.510627031326294, 1.2703345339586503
20,28.0,420.17607855796814,5.5106353759765625, 1.270334588922644
20,28.0,420.1804852485657,5.5106658935546875, 1.2703265092665719
20,28.0,420.1736071109772,5.510594367980957, 1.2703525624037424
6,28.0,425.6685719490051,5.490785837173462, 1.0928043890346566
6,28.0,425.6729874610901,5.492157220840454, 1.0925340624816986
6,28.0,425.66606855392456,5.492103338241577, 1.0925434063940849
6,28.0,425.6611068248749,5.492249250411987, 1.0925171300121843
12,24.0,430.68707966804504,5.025925874710083, 1.1938627265537118
12,24.0,430.6989812850952,5.025953531265259, 1.1938554771052916
12,24.0,430.6922209262848,5.026105880737305, 1.19384290405195
12,24.0,430.69473457336426,5.0261077880859375, 1.193841884626799
19,28.0,436.2143232822418,5.519550561904907, 1.2682732168257826
19,28.0,436.20684146881104,5.519718647003174, 1.2682376618637414
19,28.0,436.2188000679016,5.519769668579102, 1.2682353609949695
19,28.0,436.21196722984314,5.519721984863281, 1.2682442906037805
6,28.0,442.52240657806396,5.518423557281494, 1.0873112832471319
6,28.0,442.51055812835693,5.518466949462891, 1.0873016527956174
6,28.0,442.51805877685547,5.516345739364624, 1.0877311958224192
6,28.0,442.51565289497375,5.51853609085083, 1.087296673214428
13,28.0,448.0264117717743,5.5083253383636475, 1.2708646079298056
13,28.0,448.03082752227783,5.508386611938477, 1.2708531109707908
13,28.0,448.0190703868866,5.50847864151001, 1.2708422743146972
13,28.0,448.0241746902466,5.508455991744995, 1.2708709891068737
20,28.0,453.5290894508362,5.509986877441406, 1.2704836687738892
20,28.0,453.54098558425903,5.510130405426025, 1.2704550814303635
20,28.0,453.53664922714233,5.510183334350586, 1.2704529924057013
20,28.0,453.5341742038727,5.509937524795532, 1.270513961766784
6,28.0,459.06575632095337,5.527045011520386, 1.0856254097654168
6,28.0,459.0583121776581,5.528966665267944, 1.0852591146490305
6,28.0,459.07026410102844,5.528943300247192, 1.08527123626006
6,28.0,459.06367921829224,5.52918004989624, 1.0852657136392152
13,28.0,464.5672640800476,5.508918523788452, 1.2707092790413907
13,28.0,464.57916927337646,5.508875131607056, 1.2707278681049086
13,28.0,464.5723328590393,5.508603811264038, 1.2707988745341758
13,28.0,464.57504868507385,5.509213447570801, 1.2707145037232292
20,28.0,470.0703036785126,5.503005743026733, 1.2720995131034345
20,28.0,470.07779812812805,5.502714395523071, 1.2721655464928117
20,28.0,470.0822641849518,5.503061771392822, 1.2720996784539447
20,28.0,470.07562255859375,5.503220796585083, 1.2720851277735916
6,28.0,475.58257126808167,5.51192831993103, 1.088594032000805
6,28.0,475.5945088863373,5.511946678161621, 1.0885964806415038
6,28.0,475.590149641037,5.508934020996094, 1.0892000767976688
6,28.0,475.58769369125366,5.511794805526733, 1.0886385330555899
13,28.0,481.10966968536377,5.5194666385650635, 1.2683066370205602
13,28.0,481.1021828651428,5.519577741622925, 1.268274257756094
13,28.0,481.1140899658203,5.519518136978149, 1.2682984735645157
13,28.0,481.1075863838196,5.519864082336426, 1.268273435968864
20,28.0,486.6152594089508,5.5130274295806885, 1.2697718421104416
20,28.0,486.62720131874084,5.513068914413452, 1.2697650326485181
20,28.0,486.62281799316406,5.513097047805786, 1.2697626164053912
20,28.0,486.6205327510834,5.512887716293335, 1.2698404350378243
6,28.0,492.12917971611023,5.504648208618164, 1.0900334228432338
6,28.0,492.1335868835449,5.506110668182373, 1.0897448344148728
6,28.0,492.12178897857666,5.506333351135254, 1.0897109067591777
6,28.0,492.1269443035126,5.50616192817688, 1.0897592271740375
13,28.0,497.63208627700806,5.5028722286224365, 1.272134733732659
13,28.0,497.6364951133728,5.502875804901123, 1.2721346786127796
13,28.0,497.6246180534363,5.502779245376587, 1.2721610815817832
13,28.0,497.6296317577362,5.502603054046631, 1.272205897480584
20,28.0,503.5667314529419,5.934603214263916, 1.1795620710094878
20,28.0,503.57114028930664,5.934608459472656, 1.1795622131785048
20,28.0,503.55943489074707,5.934786081314087, 1.179545863966172
20,28.0,503.5644037723541,5.93474268913269, 1.1795583746270708
5,24.0,508.6530337333679,5.093237400054932, 0.9817499498861636
5,24.0,508.6605427265167,5.092350006103516, 0.9819239360487501
5,24.0,508.65803265571594,5.093273162841797, 0.9817471923456795
5,24.0,508.66500449180603,5.093576669692993, 0.9816953075135442
12,28.0,514.1654305458069,5.512362957000732, 1.2699116718863586
12,28.0,514.173041343689,5.5124351978302, 1.2699081016150426
12,28.0,514.1775019168854,5.512472867965698, 1.269906234096505
12,28.0,514.1706249713898,5.512533664703369, 1.2698958529906457
19,28.0,519.6713943481445,5.505907773971558, 1.2714226529547046
19,28.0,519.6834070682526,5.505855083465576, 1.271464553619583
19,28.0,519.6790285110474,5.505949258804321, 1.271441593254876
19,28.0,519.6767911911011,5.50612735748291, 1.2714464385385862
6,28.0,525.9636301994324,5.499436140060425, 1.0910683856583898
6,28.0,525.9680471420288,5.500864028930664, 1.0907879483169387
6,28.0,525.9561531543732,5.500946521759033, 1.090771589982134
6,28.0,525.9613809585571,5.5010986328125, 1.0907720154817373
13,28.0,531.4939451217651,5.5258567333221436, 1.2668512596679509
13,28.0,531.482054233551,5.525856018066406, 1.2668496197806487
13,28.0,531.4895784854889,5.5258948802948, 1.2668498930949041
13,28.0,531.4873728752136,5.525949239730835, 1.266864214926892
20,28.0,537.1661434173584,5.6721720695495605, 1.2341472252195373
20,28.0,537.1617534160614,5.67214822769165, 1.2341526723429315
20,28.0,537.1592452526093,5.671844482421875, 1.2342212583343728
20,28.0,537.1543703079224,5.672282457351685, 1.2341440607223133
5,24.0,542.2035531997681,5.0489630699157715, 0.9903586108651136
5,24.0,542.2111670970917,5.0477471351623535, 0.9906198360243852
5,24.0,542.2155747413635,5.049190044403076, 0.9903326549314377
5,24.0,542.2087054252625,5.04918098449707, 0.9903449078332919
12,28.0,547.7119843959808,5.49637508392334, 1.2736275865838493
12,28.0,547.7075817584991,5.496382474899292, 1.2736262606014501
12,28.0,547.7001113891602,5.496458292007446, 1.2736193544877579
12,28.0,547.7051920890808,5.496461391448975, 1.2736259291062815
19,28.0,553.2017378807068,5.501560926437378, 1.2724198225155439
19,28.0,553.2092485427856,5.501610994338989, 1.2724150800985268
19,28.0,553.2137043476105,5.501690149307251, 1.2724101722855798
19,28.0,553.2068929672241,5.5016608238220215, 1.2724305206558433
6,28.0,559.4906711578369,5.500439882278442, 1.0908724899592301
6,28.0,559.5025744438171,5.500386714935303, 1.090883602391083
6,28.0,559.4981718063354,5.498908042907715, 1.0911770998108399
6,28.0,559.4958579540253,5.500593900680542, 1.0908619451800543
13,28.0,564.995973110199,5.497767448425293, 1.2733006497794892
13,28.0,565.0004267692566,5.497818946838379, 1.2732940785187943
13,28.0,564.9885773658752,5.497874736785889, 1.2732809362008801
13,28.0,564.9938066005707,5.497911691665649, 1.2733112522926875
20,28.0,570.5016555786133,5.505648374557495, 1.2714647188050674
20,28.0,570.506058216095,5.505573749542236, 1.2714820084564444
20,28.0,570.4991641044617,5.505300760269165, 1.2715506210713816
20,28.0,570.4942157268524,5.505611181259155, 1.2714775483421366
6,28.0,576.0112435817719,5.516816139221191, 1.087648362545305
6,28.0,576.0187635421753,5.515491485595703, 1.0879131724571451
6,28.0,576.0162465572357,5.516826391220093, 1.08764996079791
6,28.0,576.0232076644897,5.516876697540283, 1.087633555428339
13,28.0,581.5060405731201,5.487241983413696, 1.2757290862052357
13,28.0,581.5104579925537,5.487217903137207, 1.2757380662198157
13,28.0,581.4985928535461,5.487330675125122, 1.2757158935736048
13,28.0,581.5042848587036,5.488016366958618, 1.2756641788716696
20,28.0,587.0096442699432,5.511004209518433, 1.2702526428905772
20,28.0,587.0171756744385,5.5110695362091064, 1.2702448940141875
20,28.0,587.0215947628021,5.511102199554443, 1.2702328037575883
20,28.0,587.0147659778595,5.510396480560303, 1.2704072554822854
6,28.0,592.5042102336884,5.494210243225098, 1.0921199604480214
6,28.0,592.5116925239563,5.49291205406189, 1.0923834910122332
6,28.0,592.5161316394806,5.494181394577026, 1.0921380655133794
6,28.0,592.5092344284058,5.494168996810913, 1.0921426629684754
13,28.0,598.007976770401,5.5037147998809814, 1.271927351430782
13,28.0,598.0154769420624,5.503719806671143, 1.271929831021653
13,28.0,598.0129628181458,5.503700494766235, 1.2719350657452397
13,28.0,598.0199077129364,5.50374174118042, 1.2719272963288726
20,28.0,603.5101788043976,5.502169847488403, 1.272285449342958
20,28.0,603.5221033096313,5.502141952514648, 1.2722976338400576
20,28.0,603.5151870250702,5.502190589904785, 1.2722864417367068
20,28.0,603.5177102088928,5.502199172973633, 1.2722861660716211
5,24.0,608.8868787288666,5.367402076721191, 0.9315799872919844
5,24.0,608.8912813663483,5.368887662887573, 0.9313222080444331
5,24.0,608.8795323371887,5.369165897369385, 0.9312931335764792
5,24.0,608.8845510482788,5.369073867797852, 0.9313105863110019
12,28.0,614.3820056915283,5.502457857131958, 1.2722377611347617
12,28.0,614.3939683437347,5.5026490688323975, 1.2722050705903911
12,28.0,614.3895802497864,5.502670049667358, 1.2721930532409171
12,28.0,614.3871474266052,5.502557992935181, 1.272234398286235
19,28.0,619.8939349651337,5.504316806793213, 1.2717860307302191
19,28.0,619.8983442783356,5.5043416023254395, 1.2717816786613292
19,28.0,619.8864963054657,5.504436016082764, 1.2717690082506088
19,28.0,619.8918347358704,5.504650354385376, 1.271765041913052
6,28.0,626.1678495407104,5.497258901596069, 1.0915030409064075
6,28.0,626.1797745227814,5.497290849685669, 1.0915048872141317
6,28.0,626.1753702163696,5.495894432067871, 1.0917821409552402
6,28.0,626.1728656291962,5.4972639083862305, 1.09151203579782
13,28.0,631.6877505779266,5.50794243812561, 1.2709519696098355
13,28.0,631.683347940445,5.507937669754028, 1.2709530699594713
13,28.0,631.6808681488037,5.507943868637085, 1.2709575263949802
13,28.0,631.6759033203125,5.508023262023926, 1.2709378853027713
20,28.0,637.177631855011,5.49419379234314, 1.274132046893757
20,28.0,637.182032585144,5.4941794872283936, 1.2741359727159032
20,28.0,637.1701602935791,5.4942004680633545, 1.2741221495058654
20,28.0,637.1753804683685,5.494440317153931, 1.2741009729298118
6,28.0,642.695100069046,5.512743711471558, 1.0884421907121833
6,28.0,642.6906974315643,5.5115954875946045, 1.0886689088805956
6,28.0,642.6832759380341,5.51284646987915, 1.0884345173778138
6,28.0,642.6883361339569,5.512713670730591, 1.0884567373914753
13,28.0,648.2966768741608,5.605913162231445, 1.2487442646693423
13,28.0,648.2941589355469,5.605795860290527, 1.2487702367629976
13,28.0,648.3010878562927,5.605920791625977, 1.2487443708924741
13,28.0,648.2893545627594,5.606059551239014, 1.248727481641532
20,28.0,653.808552980423,5.507433891296387, 1.2710589875297362
20,28.0,653.8041501045227,5.507435083389282, 1.2710587123962966
20,28.0,653.7967028617859,5.5072057247161865, 1.2711113751070546
20,28.0,653.8016872406006,5.507485389709473, 1.2710582171564058
6,28.0,659.3370163440704,5.528156995773315, 1.085403702397182
6,28.0,659.332629442215,5.526609182357788, 1.0857103240229045
6,28.0,659.3251419067383,5.52813196182251, 1.0854060430790087
6,28.0,659.3302218914032,5.52824592590332, 1.0854008467790248
13,28.0,664.8470003604889,5.509953260421753, 1.270487847031853
13,28.0,664.8351094722748,5.509897470474243, 1.2705001620573013
13,28.0,664.8426067829132,5.509948492050171, 1.2704883418273791
13,28.0,664.8402128219604,5.509960651397705, 1.2705042304663856
20,28.0,670.36257147789,5.5199196338653564, 1.2681950423638362
20,28.0,670.3669753074646,5.519927024841309, 1.2681932346591727
20,28.0,670.3550865650177,5.5199291706085205, 1.2681867160093967
20,28.0,670.3602197170258,5.519975900650024, 1.2682097780880137
6,28.0,675.8537430763245,5.498365879058838, 1.0912785480438676
6,28.0,675.861242055893,5.496851682662964, 1.0915831953482598
6,28.0,675.8656606674194,5.498334646224976, 1.0912917036272802
6,28.0,675.858921289444,5.498422861099243, 1.0912970511313493
13,28.0,681.5554144382477,5.6897218227386475, 1.2303348633391393
13,28.0,681.5510277748108,5.689736843109131, 1.2303349148962694
13,28.0,681.5436019897461,5.689807653427124, 1.230324500443707
13,28.0,681.5486369132996,5.68967342376709, 1.2303580644842267
20,28.0,687.0539925098419,5.502938747406006, 1.2721089381511217
20,28.0,687.0465037822723,5.502844333648682, 1.2721308753526455
20,28.0,687.0514984130859,5.502828598022461, 1.2721395291804398
20,28.0,687.0584895610809,5.5030357837677, 1.272096812384519
6,28.0,692.5759012699127,5.517044305801392, 1.0875904995630332
6,28.0,692.5715293884277,5.515813112258911, 1.0878391988993408
6,28.0,692.5640814304352,5.517230987548828, 1.0875699599200483
6,28.0,692.569108247757,5.517172574996948, 1.0875797361293396
13,28.0,698.1004445552826,5.5363147258758545, 1.2644397006150594
13,28.0,698.1079444885254,5.536381959915161, 1.2644259236330553
13,28.0,698.1055264472961,5.536390542984009, 1.2644392105196405
13,28.0,698.1125528812408,5.5366034507751465, 1.264391836422517
20,28.0,703.6102962493896,5.509783983230591, 1.2705304008557867
20,28.0,703.6221966743469,5.509581565856934, 1.2705817551314011
20,28.0,703.617830991745,5.5098488330841064, 1.2705343045146742
20,28.0,703.6153492927551,5.509803533554077, 1.27055041423398
6,28.0,709.1276621818542,5.517102956771851, 1.0875779500779819
6,28.0,709.1351733207703,5.515610933303833, 1.087870188504245
6,28.0,709.1326899528503,5.5170814990997314, 1.087589700523517
6,28.0,709.1398842334747,5.517350912094116, 1.087556329921591
13,28.0,714.8859839439392,5.750762224197388, 1.21727334860861
13,28.0,714.8834731578827,5.750723600387573, 1.2172826853072631
13,28.0,714.8904156684875,5.750496864318848, 1.2173361848286408
13,28.0,714.8785679340363,5.750874996185303, 1.2172541205074667
19,24.0,719.9491336345673,5.063099384307861, 1.1851104518327593
19,24.0,719.9417173862457,5.063107967376709, 1.185120330159522
19,24.0,719.9467170238495,5.063195705413818, 1.1851043128426018
19,24.0,719.9536528587341,5.0632102489471436, 1.1851000713956443
6,28.0,726.2284076213837,5.498457908630371, 1.0912787373305886
6,28.0,726.2359178066254,5.497127532958984, 1.09154716463588
6,28.0,726.240320444107,5.49827241897583, 1.0913199087527712
6,28.0,726.2335758209229,5.498561143875122, 1.0912723489400478
13,28.0,731.7701981067657,5.5342488288879395, 1.2649153811488794
13,28.0,731.7677669525146,5.5341637134552, 1.2649448641976022
13,28.0,731.7747361660004,5.5343828201293945, 1.2648903679578474
13,28.0,731.7632873058319,5.534850120544434, 1.26484819109188
20,28.0,737.2769775390625,5.5067267417907715, 1.271242142774938
20,28.0,737.2813863754272,5.50662088394165, 1.2712676830355523
20,28.0,737.2745409011841,5.506743431091309, 1.271250068952892
20,28.0,737.2696030139923,5.506274223327637, 1.2713616514049806
6,28.0,742.7829246520996,5.5042688846588135, 1.0901110477718539
6,28.0,742.7873275279999,5.505675315856934, 1.0898326125617535
6,28.0,742.7805051803589,5.505726099014282, 1.0898447893569845
6,28.0,742.7756283283234,5.505692720413208, 1.0898459220959555
13,28.0,748.2930195331573,5.517336368560791, 1.2687932920885119
13,28.0,748.3049347400665,5.51757025718689, 1.2687425757168311
13,28.0,748.3005409240723,5.517577886581421, 1.2687425757168311
13,28.0,748.2980306148529,5.517496347427368, 1.2687648355926051
20,28.0,754.0761771202087,5.7755796909332275, 1.2120447328423143
20,28.0,754.080582857132,5.775583744049072, 1.2120441824506594
20,28.0,754.0736680030823,5.775576591491699, 1.2120461838772552
20,28.0,754.0690081119537,5.775955677032471, 1.212003304758636
6,28.0,759.5874893665314,5.509518623352051, 1.0890867130881259
6,28.0,759.5849781036377,5.5109148025512695, 1.0888117215213238
6,28.0,759.5800271034241,5.510755300521851, 1.0888446509905285
6,28.0,759.591899394989,5.510992765426636, 1.0887963645386332
13,28.0,765.0939927101135,5.506435871124268, 1.2712849673286384
13,28.0,765.0984883308411,5.506518602371216, 1.2712767654876536
13,28.0,765.0915992259979,5.5065577030181885, 1.2712770407155007
13,28.0,765.0866460800171,5.506572723388672, 1.2712692242910086
20,28.0,770.600558757782,5.506506681442261, 1.271284692097359
20,28.0,770.604984998703,5.50646448135376, 1.2712996098045177
20,28.0,770.5931444168091,5.506442546844482, 1.2713097386318082
20,28.0,770.5982236862183,5.5065693855285645, 1.2712909674001456
6,28.0,776.0893766880035,5.487058877944946, 1.0935309194053906
6,28.0,776.0937807559967,5.488474369049072, 1.0932486924887042
6,28.0,776.0819661617279,5.48848557472229, 1.0932623230609717
6,28.0,776.0872163772583,5.488694667816162, 1.0932411412029899
13,28.0,781.5936558246613,5.5063698291778564, 1.2713209135578727
13,28.0,781.6005737781525,5.506743907928467, 1.2712338864446704
13,28.0,781.5961773395538,5.50675106048584, 1.2712338314028286
13,28.0,781.5887713432312,5.506765365600586, 1.2712467663667328
20,28.0,787.0804073810577,5.484149217605591, 1.2764532700581628
20,28.0,787.0848097801208,5.484152317047119, 1.2764521601641363
20,28.0,787.0780010223389,5.484276294708252, 1.2764366218504304
20,28.0,787.0731315612793,5.484324216842651, 1.2764392855344844
6,28.0,792.5840194225311,5.498945236206055, 1.0911664072060672
6,28.0,792.579615354538,5.497467756271362, 1.0914605302151619
6,28.0,792.5721597671509,5.498777389526367, 1.0911989114817988
6,28.0,792.5773389339447,5.499089479446411, 1.091153254643374
13,28.0,798.0947704315186,5.5106940269470215, 1.2703138128718225
13,28.0,798.0903749465942,5.510694742202759, 1.270314527380805
13,28.0,798.0878596305847,5.510481119155884, 1.2703643251407162
13,28.0,798.0829775333405,5.510769844055176, 1.27031496707904
20,28.0,803.573944568634,5.490926504135132, 1.2749067315997804
20,28.0,803.5814845561981,5.491065740585327, 1.2748913969652766
20,28.0,803.5858943462372,5.491077661514282, 1.274890012991142
20,28.0,803.578980922699,5.49107813835144, 1.2748914523243047
6,28.0,809.0742530822754,5.491061210632324, 1.092732738047604
6,28.0,809.0668103694916,5.492653846740723, 1.0924334713955022
6,28.0,809.0787363052368,5.492623329162598, 1.0924350363200508
6,28.0,809.0721182823181,5.492901563644409, 1.0924124164829978
13,28.0,814.5859725475311,5.511673927307129, 1.2700924637125437
13,28.0,814.5903754234314,5.511581659317017, 1.2701137270273615
13,28.0,814.5835661888123,5.511344909667969, 1.270183071258993
13,28.0,814.5786588191986,5.51177191734314, 1.270084991502234
20,28.0,820.296694278717,5.70624041557312, 1.2740462930686847
20,28.0,820.2923431396484,5.706289768218994, 1.27404502149985
20,28.0,820.2850141525269,5.706343173980713, 1.2740676336896208
20,28.0,820.2901041507721,5.7065064907073975, 1.2740465142113497
5,24.0,825.3847765922546,5.087731122970581, 0.9827926740811133
5,24.0,825.3803737163544,5.0860090255737305, 0.98312264374724
5,24.0,825.3730471134186,5.08769965171814, 0.9828128013219444
5,24.0,825.3785815238953,5.088058710098267, 0.9828084718229738
12,28.0,830.8850972652435,5.504663705825806, 1.271716621536661
12,28.0,830.8894999027252,5.504666328430176, 1.271715960533143
12,28.0,830.8776171207428,5.5045154094696045, 1.2717451555102341
12,28.0,830.8827137947083,5.504070997238159, 1.2718604061315013
19,28.0,836.3904387950897,5.5008864402771, 1.2725872083611043
19,28.0,836.3860337734222,5.500868558883667, 1.2725911798286162
19,28.0,836.3785605430603,5.500885963439941, 1.2725862154980994
19,28.0,836.3836486339569,5.500845432281494, 1.2726040321086654
6,28.0,853.0976531505585,5.543548107147217, 1.082379338117352
6,28.0,853.0907373428345,5.551174879074097, 1.0808927568296849
6,28.0,853.0860137939453,5.535118341445923, 1.0840541098671497
6,28.0,853.0967316627502,5.518380403518677, 1.0873335983635701
12,24.0,858.251758813858,5.165707349777222, 1.1615648491752928
12,24.0,858.2592694759369,5.162486553192139, 1.1622957418139117
12,24.0,858.2636721134186,5.165945529937744, 1.161516974115889
12,24.0,858.2568199634552,5.166010856628418, 1.1615123101273404
19,28.0,863.7756388187408,5.516306638717651, 1.2690120494675683
19,28.0,863.768336057663,5.5165345668792725, 1.268989561525822
19,28.0,863.7802500724792,5.516514778137207, 1.2689995438796389
19,28.0,863.7733926773071,5.516538381576538, 1.2690010247916597
6,28.0,870.0601613521576,5.505483150482178, 1.0898825485916226
6,28.0,870.0720672607422,5.505389213562012, 1.0899027036540927
6,28.0,870.0676958560944,5.503465414047241, 1.090289806568169
6,28.0,870.0654633045197,5.505764961242676, 1.0898574384091555
13,28.0,875.5744071006775,5.5066797733306885, 1.2712653161148066
13,28.0,875.5669414997101,5.506731748580933, 1.2712548577333027
13,28.0,875.5719678401947,5.5064215660095215, 1.2713372083834278
13,28.0,875.5788838863373,5.506769895553589, 1.2712503992124518
20,28.0,881.1049129962921,5.5304577350616455, 1.2657846996699618
20,28.0,881.1093215942383,5.530404567718506, 1.2657976876960475
20,28.0,881.1024243831635,5.5304319858551025, 1.265796869115105
20,28.0,881.0974769592285,5.530500411987305, 1.2657899930769867
6,28.0,886.623941898346,5.5211451053619385, 1.0867810637763484
6,28.0,886.6189615726471,5.5211122035980225, 1.086787024226676
6,28.0,886.6264629364014,5.519554138183594, 1.0870951324182363
6,28.0,886.6310305595398,5.521317720413208, 1.086760226180369
13,28.0,892.2947173118591,5.6682281494140625, 1.271580909894463
13,28.0,892.2923054695129,5.668328523635864, 1.2715797533856312
13,28.0,892.299266576767,5.66821026802063, 1.271616597486723
13,28.0,892.2874503135681,5.66845440864563, 1.2715696202553575
20,28.0,897.8087642192841,5.521282434463501, 1.2678643729591619
20,28.0,897.8163950443268,5.5215864181518555, 1.2678175083107321
20,28.0,897.820805311203,5.521495580673218, 1.267835520131357
20,28.0,897.8139171600342,5.521588563919067, 1.2678256655764248
6,28.0,903.3217301368713,5.5032970905303955, 1.0903017573971074
6,28.0,903.3143255710602,5.505305290222168, 1.0899218681753537
6,28.0,903.3193228244781,5.505124568939209, 1.0899579804963462
6,28.0,903.3263547420502,5.505223512649536, 1.0899429688095519
13,28.0,908.8239467144012,5.509591341018677, 1.2705760366769043
13,28.0,908.8358738422394,5.50948691368103, 1.2706016601532748
13,28.0,908.8314905166626,5.509685277938843, 1.2705600912583597
13,28.0,908.8291094303131,5.509762525558472, 1.2705603661759783
20,28.0,914.3686242103577,5.537026405334473, 1.2642751043743685
20,28.0,914.3612098693848,5.537226915359497, 1.2642506608867354
20,28.0,914.3661932945251,5.537059545516968, 1.264286264855622
20,28.0,914.373152256012,5.5371925830841064, 1.264244073827915
6,28.0,919.888679265976,5.5270936489105225, 1.0856191342249801
6,28.0,919.9005858898163,5.5271241664886475, 1.085615715490942
6,28.0,919.8961837291718,5.52581524848938, 1.085872976826853
6,28.0,919.8939580917358,5.527445316314697, 1.0855840112708963
12,24.0,924.9777421951294,5.07711386680603, 1.181835429650855
12,24.0,924.9733393192291,5.077110767364502, 1.1818361511676971
12,24.0,924.9708485603333,5.076827526092529, 1.181907918744507
12,24.0,924.9659068584442,5.07717490196228, 1.1818296575478333
19,28.0,930.6898398399353,5.723863840103149, 1.2230130394449144
19,28.0,930.6975185871124,5.724136829376221, 1.2229693808707012
19,28.0,930.6950085163116,5.724100589752197, 1.2229865993993645
19,28.0,930.7022461891174,5.724459648132324, 1.222988637127149
6,28.0,937.0125567913055,5.526844263076782, 1.0856561796964654
6,28.0,937.0169637203217,5.528043031692505, 1.0854214918322604
6,28.0,937.0051374435425,5.528357267379761, 1.0853685465706842
6,28.0,937.010219335556,5.528368949890137, 1.0853801088881159
13,28.0,942.5133244991302,5.5081493854522705, 1.2709091124738405
13,28.0,942.5252554416656,5.508239030838013, 1.2708994851451068
13,28.0,942.5183343887329,5.508086204528809, 1.270934859418162
13,28.0,942.5208501815796,5.50823974609375, 1.2708986599522878
20,28.0,948.0636775493622,5.5383830070495605, 1.263957412742116
20,28.0,948.0592746734619,5.538374423980713, 1.2639593716323982
20,28.0,948.0519323348999,5.538558006286621, 1.2639390756469835
20,28.0,948.0569138526917,5.5385191440582275, 1.2639550729644589
6,28.0,953.5770525932312,5.524877071380615, 1.0860447239849342
6,28.0,953.5845589637756,5.523428201675415, 1.086338014671666
6,28.0,953.5820875167847,5.524897813796997, 1.0860572381111482
6,28.0,953.58904337883,5.525029420852661, 1.0860388185423846
13,28.0,959.1047084331512,5.515638589859009, 1.269173931315684
13,28.0,959.1003053188324,5.515711545944214, 1.2691572529989112
13,28.0,959.0928452014923,5.515751838684082, 1.2691551682401356
13,28.0,959.0980226993561,5.515896558761597, 1.2691448542711639
20,28.0,964.8249220848083,5.7320287227630615, 1.2212697339648524
20,28.0,964.8324594497681,5.732114791870117, 1.221258558027706
20,28.0,964.8368599414825,5.732116937637329, 1.2212578976378206
20,28.0,964.8301565647125,5.732062578201294, 1.221285990238573
6,28.0,970.355815410614,5.51851224899292, 1.087308088736989
6,28.0,970.3514132499695,5.5171027183532715, 1.0875861753631961
6,28.0,970.344025850296,5.518856525421143, 1.0872554290029466
6,28.0,970.3490703105927,5.518660306930542, 1.0873024983894062
13,28.0,975.8478825092316,5.503824949264526, 1.2719110965744975
13,28.0,975.8553886413574,5.5039215087890625, 1.2718994153750223
13,28.0,975.8529374599457,5.503829717636108, 1.2719323106221914
13,28.0,975.8599052429199,5.504022836685181, 1.2718872936024217
20,28.0,981.3636336326599,5.508178234100342, 1.270904656377838
20,28.0,981.3561861515045,5.5082268714904785, 1.270909772638869
20,28.0,981.3680839538574,5.508143424987793, 1.2709267721245592
20,28.0,981.361225605011,5.508260488510132, 1.270899595170897
6,28.0,986.8636226654053,5.5071165561676025, 1.0895553101689004
6,28.0,986.8755457401276,5.507080078125, 1.0895711131315755
6,28.0,986.8711493015289,5.505695581436157, 1.0898471492324981
6,28.0,986.8688626289368,5.507238388061523, 1.0895720566065348
13,28.0,992.3775928020477,5.506410837173462, 1.2713003804704865
13,28.0,992.3820044994354,5.5064215660095215, 1.2712998299946991
13,28.0,992.3752071857452,5.506224155426025, 1.2713707902535305
13,28.0,992.3703091144562,5.506623029708862, 1.2712757746683905
19,24.0,997.5020933151245,5.131747007369995, 1.169249462599599
19,24.0,997.5096964836121,5.132035493850708, 1.1692047544771318
19,24.0,997.5141162872314,5.132047414779663, 1.1692017124933975
19,24.0,997.5073249340057,5.132089138031006, 1.1692083396925685
6,28.0,1004.1897628307343,5.52300763130188, 1.0864138947290987
6,28.0,1004.1941862106323,5.524772644042969, 1.0860686276227602
6,28.0,1004.1874420642853,5.52484655380249, 1.0860787987054141
6,28.0,1004.1825263500214,5.5250256061553955, 1.0860466456110414
13,28.0,1009.6940622329712,5.511470079421997, 1.2701612011830963
13,28.0,1009.7016313076019,5.511768817901611, 1.2701059249015076
13,28.0,1009.7060832977295,5.511813640594482, 1.2701004305042012
13,28.0,1009.6992056369781,5.511731386184692, 1.2701216391402024
20,28.0,1015.215583562851,5.513909578323364, 1.2695546892026055
20,28.0,1015.2199862003326,5.513871669769287, 1.2695631433243193
20,28.0,1015.2082698345184,5.514153480529785, 1.2695128594260183
20,28.0,1015.2132546901703,5.514032363891602, 1.2695567752741233
6,28.0,1020.7164483070374,5.507874011993408, 1.0894074921162855
6,28.0,1020.7239935398102,5.50675630569458, 1.0896390946848267
6,28.0,1020.7284243106842,5.50813364982605, 1.0893669364217098
6,28.0,1020.7215795516968,5.507992506027222, 1.0894043795955375
13,28.0,1026.242282629013,5.5257887840271, 1.266852024950145
13,28.0,1026.2497999668121,5.525772571563721, 1.2668646522398337
13,28.0,1026.25422000885,5.525768518447876, 1.266869025385856
13,28.0,1026.2473154067993,5.525703430175781, 1.26688728359666
19,24.0,1031.4094252586365,5.159593820571899, 1.178915138456508
19,24.0,1031.4138667583466,5.159624338150024, 1.178917181870726
19,24.0,1031.4021689891815,5.159855842590332, 1.1789014974674006
19,24.0,1031.4074549674988,5.160122871398926, 1.1788467710048134
5,24.0,1037.2390263080597,5.027532339096069, 0.9945812293679072
5,24.0,1037.2315499782562,5.029092073440552, 0.9942730326187523
5,24.0,1037.2434346675873,5.029110431671143, 0.9942720426983526
5,24.0,1037.2367610931396,5.029112815856934, 0.9942903801152165
12,28.0,1042.7556030750275,5.524001359939575, 1.2672619117244568
12,28.0,1042.7631647586823,5.52406907081604, 1.2672604348687089
12,28.0,1042.7675650119781,5.5240654945373535, 1.2672612006453337
12,28.0,1042.7608397006989,5.524041652679443, 1.2672866358948138
19,28.0,1048.2759211063385,5.512725591659546, 1.2698551541016143
19,28.0,1048.2803237438202,5.51272439956665, 1.2698542204195216
19,28.0,1048.2685170173645,5.512847185134888, 1.2698446639876348
19,28.0,1048.2735424041748,5.512619972229004, 1.2699048059978
6,28.0,1054.5658602714539,5.506684064865112, 1.0896399910978483
6,28.0,1054.5734679698944,5.5048277378082275, 1.0900288431289564
6,28.0,1054.5778951644897,5.506590366363525, 1.0896811333248004
6,28.0,1054.5710911750793,5.506685972213745, 1.0896747164427116
13,28.0,1060.0659573078156,5.500021457672119, 1.2727827774166662
13,28.0,1060.0779521465302,5.500033140182495, 1.2727944748475493
13,28.0,1060.0735929012299,5.500105381011963, 1.2727887916349356
13,28.0,1060.0713326931,5.500212907791138, 1.272787963986847
20,28.0,1065.5823283195496,5.504343748092651, 1.2717833313422098
20,28.0,1065.5779519081116,5.504302501678467, 1.2717985362078512
20,28.0,1065.570505619049,5.504486322402954, 1.2717622875265266
20,28.0,1065.5755867958069,5.5042078495025635, 1.2718303794595092
5,24.0,1070.8971238136292,5.314511060714722, 0.9408692409471789
5,24.0,1070.8852322101593,5.314464092254639, 0.94087747222089
5,24.0,1070.8927989006042,5.313014030456543, 0.9411433987210802
5,24.0,1070.890470981598,5.31458044052124, 0.9408710138247318
12,28.0,1076.3868770599365,5.4940478801727295, 1.2741800431118848
12,28.0,1076.3912751674652,5.494112491607666, 1.274164062402694
12,28.0,1076.3844149112701,5.49390172958374, 1.2742248354712093
12,28.0,1076.3794808387756,5.494211196899414, 1.2741363044766298
19,28.0,1081.897263765335,5.517737150192261, 1.2686925212630384
19,28.0,1081.909149646759,5.517839431762695, 1.2686707024853134
19,28.0,1081.9049091339111,5.518001556396484, 1.2686391817070979
19,28.0,1081.9027676582336,5.5183234214782715, 1.2686398943334736
6,28.0,1088.1953921318054,5.502665281295776, 1.0904210911081227
6,28.0,1088.1998488903046,5.504263877868652, 1.0901125116084627
6,28.0,1088.188065290451,5.504337549209595, 1.0901004704886783
6,28.0,1088.1935029029846,5.504721164703369, 1.0901094422781583
13,28.0,1093.6965098381042,5.496582508087158, 1.2735929461997817
13,28.0,1093.684626340866,5.496506214141846, 1.2736142163877604
13,28.0,1093.6921315193176,5.496704339981079, 1.2735701851232035
13,28.0,1093.689715385437,5.496160268783569, 1.2737179808933592
20,28.0,1099.2003338336945,5.5081398487091064, 1.2709090024464025
20,28.0,1099.2048308849335,5.508246421813965, 1.2709016856645297
20,28.0,1099.1929516792297,5.508256196975708, 1.2709054265650368
20,28.0,1099.1981272697449,5.508392333984375, 1.2709100477078332
6,28.0,1104.697058916092,5.5038533210754395, 1.0902190044618454
6,28.0,1104.7089793682098,5.5039286613464355, 1.0902153205478997
6,28.0,1104.704586982727,5.502622842788696, 1.0904759952775465
6,28.0,1104.7021446228027,5.503547668457031, 1.090290562344057
13,28.0,1110.202136516571,5.497503280639648, 1.273364433186803
13,28.0,1110.1946947574615,5.497581720352173, 1.2733579164936732
13,28.0,1110.2065970897675,5.497596502304077, 1.2733564806211037
13,28.0,1110.1997470855713,5.497562408447266, 1.273363715242765
20,28.0,1115.6869916915894,5.492249488830566, 1.274580853135412
20,28.0,1115.6919722557068,5.492187261581421, 1.2745959036333292
20,28.0,1115.6989784240723,5.49233865737915, 1.274568790860583
20,28.0,1115.694768190384,5.492552757263184, 1.27454306245924
6,28.0,1121.2172310352325,5.520296335220337, 1.0869632390400743
6,28.0,1121.2216339111328,5.5223517417907715, 1.0865586027085057
6,28.0,1121.2097384929657,5.522359609603882, 1.0865578051845137
6,28.0,1121.2147257328033,5.522319793701172, 1.086566624926719
13,28.0,1126.7317168712616,5.5169408321380615, 1.2688799305127039
13,28.0,1126.726743221283,5.5169477462768555, 1.2688794918073354
13,28.0,1126.7387199401855,5.517052412033081, 1.2688740628535065
13,28.0,1126.7344434261322,5.51717734336853, 1.2688483993370037
20,28.0,1132.2276239395142,5.50080943107605, 1.27262355924557
20,28.0,1132.232604265213,5.500811576843262, 1.2726231731099364
20,28.0,1132.239535331726,5.500780344009399, 1.2726352537500532
20,28.0,1132.235132932663,5.500659227371216, 1.2726633324708794
5,24.0,1137.70521068573,5.477280139923096, 0.9129144878779446
5,24.0,1137.7127344608307,5.47563910484314, 0.9131948219815014
5,24.0,1137.7171380519867,5.477215051651001, 0.912934358421479
5,24.0,1137.7102754116058,5.477361440658569, 0.9129025262278302
12,28.0,1143.427715063095,5.722463607788086, 1.2233047709303055
12,28.0,1143.439611196518,5.7224390506744385, 1.2233097150034116
12,28.0,1143.4352085590363,5.722440481185913, 1.2233095620933352
12,28.0,1143.4329204559326,5.72261381149292, 1.2232911621932014
19,28.0,1148.946174621582,5.510912179946899, 1.2702934222234874
19,28.0,1148.9505813121796,5.510915994644165, 1.2702932023817894
19,28.0,1148.9386947154999,5.510930776596069, 1.2702896299648596
19,28.0,1148.9439206123352,5.510970830917358, 1.2702834744628273
6,28.0,1155.265144586563,5.529801368713379, 1.0850821886734237
6,28.0,1155.2607417106628,5.528270483016968, 1.0853827303384709
6,28.0,1155.2582786083221,5.529810428619385, 1.085086539770817
6,28.0,1155.2532997131348,5.5298216342926025, 1.0850816272440438
13,28.0,1160.785897731781,5.532548904418945, 1.2653142544657403
13,28.0,1160.79088306427,5.532559394836426, 1.265312291373603
13,28.0,1160.7978079319,5.532631158828735, 1.2652994768940342
13,28.0,1160.793405532837,5.532628774642944, 1.265299804069007
20,28.0,1166.3005273342133,5.507038354873657, 1.271171637167113
20,28.0,1166.3049337863922,5.507045030593872, 1.271170701548085
20,28.0,1166.2930431365967,5.507082462310791, 1.2711606850071493
20,28.0,1166.2981402873993,5.507200717926025, 1.2711421933462923
5,24.0,1171.3076949119568,5.0024778842926025, 0.9995577861242456
5,24.0,1171.3033123016357,5.000967502593994, 0.9998638338513622
5,24.0,1171.3009195327759,5.002516746520996, 0.9995663616772394
5,24.0,1171.295939207077,5.002582311630249, 0.9995458758780782
10,20.0,1176.3081271648407,5.0121519565582275, 0.9976290307749341
10,20.0,1176.313137292862,5.012185335159302, 0.9976286036542813
10,20.0,1176.3156688213348,5.01228404045105, 0.9976083395724923
10,20.0,1176.320144891739,5.012380361557007, 0.997600936506708
17,28.0,1181.8137907981873,5.49362325668335, 1.2742827937156953
17,28.0,1181.8094084262848,5.493682384490967, 1.2742700734203785
17,28.0,1181.8019478321075,5.49375057220459, 1.2742501639027508
17,28.0,1181.8071076869965,5.493921279907227, 1.2742373889566199
6,28.0,1189.6977467536926,5.512418985366821, 1.0885121972308274
6,28.0,1189.6902689933777,5.513916492462158, 1.0882232842580088
6,28.0,1189.7021832466125,5.513962507247925, 1.0882072380340906
6,28.0,1189.695307970047,5.513934373855591, 1.0882234724863173
13,28.0,1195.1969895362854,5.506702184677124, 1.2712467113237755
13,28.0,1195.2045102119446,5.506726264953613, 1.2712479773129988
13,28.0,1195.2089166641235,5.5067126750946045, 1.2712534816432837
13,28.0,1195.2022023200989,5.506860017776489, 1.2712277217880035
20,28.0,1200.7178025245667,5.513235569000244, 1.269725605103133
20,28.0,1200.7222127914429,5.513242244720459, 1.2697254403692222
20,28.0,1200.7105469703674,5.513485908508301, 1.269693318073439
20,28.0,1200.7157282829285,5.513492584228516, 1.2697276368248818
6,28.0,1206.2325427532196,5.521755695343018, 1.0866686722492216
6,28.0,1206.2400569915771,5.5207414627075195, 1.0868753591937423
6,28.0,1206.2445101737976,5.521998405456543, 1.0866304785011596
6,28.0,1206.237610578537,5.521508455276489, 1.0867295344199783
12,24.0,1211.5649530887604,5.32485032081604, 1.126862873047572
12,24.0,1211.5574593544006,5.324895620346069, 1.1268574740555888
12,24.0,1211.56938290596,5.324846506118774, 1.126868473925704
12,24.0,1211.562501192093,5.324865102767944, 1.1268695335575596
19,28.0,1217.0732717514038,5.515746593475342, 1.2691545098966819
19,28.0,1217.0851740837097,5.5157470703125, 1.269156539791191
19,28.0,1217.0808010101318,5.515778303146362, 1.2691558814463144
19,28.0,1217.0785765647888,5.516044855117798, 1.2691231845101252
6,28.0,1223.3867571353912,5.524523496627808, 1.086129656976397
6,28.0,1223.3917572498322,5.5244810581207275, 1.0861422668145309
6,28.0,1223.398681640625,5.52458119392395, 1.086119016188362
6,28.0,1223.3945353031158,5.523441314697266, 1.0863682153529604
13,28.0,1228.8980758190155,5.511276721954346, 1.2702016449299167
13,28.0,1228.9055757522583,5.510990619659424, 1.270265887642876
13,28.0,1228.9099969863892,5.511293172836304, 1.2702047772297231
13,28.0,1228.9031426906586,5.511358737945557, 1.270202634075555
20,28.0,1234.4020357131958,5.50389838218689, 1.2718945115391866
20,28.0,1234.4139354228973,5.503887891769409, 1.2719017295578754
20,28.0,1234.4097599983215,5.504119634628296, 1.2718602959392875
20,28.0,1234.4073073863983,5.504139423370361, 1.2718673482794711
6,28.0,1239.9191026687622,5.504854679107666, 1.0900010351747171
6,28.0,1239.9147102832794,5.503118276596069, 1.0903446975173492
6,28.0,1239.90736079216,5.50508189201355, 1.0899724260947963
6,28.0,1239.9123690128326,5.504741668701172, 1.0900455096966477
12,24.0,1244.9448890686035,5.0257041454315186, 1.1939020903300512
12,24.0,1244.9330792427063,5.025669574737549, 1.1939245769902187
12,24.0,1244.9407687187195,5.0259850025177, 1.1938551939254993
12,24.0,1244.9383690357208,5.025979518890381, 1.1938978423155726
19,28.0,1250.4597313404083,5.514787673950195, 1.269376355434898
19,28.0,1250.4478888511658,5.514773368835449, 1.2693911186244287
19,28.0,1250.4553897380829,5.514601707458496, 1.2694355749121538
19,28.0,1250.4528765678406,5.514458179473877, 1.269469605285744
6,28.0,1256.7713570594788,5.536197900772095, 1.0838287960587392
6,28.0,1256.7763798236847,5.53622031211853, 1.083832857041033
6,28.0,1256.7832944393158,5.536348104476929, 1.0838057844005553
6,28.0,1256.778891324997,5.533121585845947, 1.0844382369408545
13,28.0,1262.2953910827637,5.518959045410156, 1.2684258135278752
13,28.0,1262.2904107570648,5.518980026245117, 1.2684208816419862
13,28.0,1262.2979106903076,5.518951177597046, 1.2684282246860459
13,28.0,1262.3023207187653,5.518962860107422, 1.2684242791592666
20,28.0,1267.8473546504974,5.5519022941589355, 1.260882222905054
20,28.0,1267.842393875122,5.551916599273682, 1.2608822770541384
20,28.0,1267.8543539047241,5.5519819259643555, 1.260879028117308
20,28.0,1267.8499991893768,5.552038908004761, 1.2608776743985701
6,28.0,1273.3561046123505,5.508490800857544, 1.0892846553666409
6,28.0,1273.3511242866516,5.508519411087036, 1.0892788560821258
6,28.0,1273.3630456924438,5.508433818817139, 1.0892953111235464
6,28.0,1273.3586432933807,5.506776571273804, 1.0896231482154601
12,24.0,1278.4127254486084,5.0496439933776855, 1.1882430259642314
12,24.0,1278.4083771705627,5.049696922302246, 1.1882433625926418
12,24.0,1278.400937795639,5.049772500991821, 1.18822237978631
12,24.0,1278.4063820838928,5.05023193359375, 1.1881556773379838
19,28.0,1283.944165468216,5.543194055557251, 1.2628922411783319
19,28.0,1283.9560840129852,5.5433290004730225, 1.2628622562226235
19,28.0,1283.9516847133636,5.543280601501465, 1.2628735547344045
19,28.0,1283.949250459671,5.5428009033203125, 1.2629886155149903
6,28.0,1290.256563425064,5.52117919921875, 1.0867942988806276
6,28.0,1290.2684571743011,5.521188020706177, 1.0867893239454625
6,28.0,1290.2640607357025,5.519455671310425, 1.0871342980958125
6,28.0,1290.2615621089935,5.521116495132446, 1.086810772811817
13,28.0,1295.784826040268,5.516307830810547, 1.2690390909017037
13,28.0,1295.7804272174835,5.516310214996338, 1.269039420013477
13,28.0,1295.7729635238647,5.516348838806152, 1.269036677420582
13,28.0,1295.7780487537384,5.516442537307739, 1.2690261459740235
20,28.0,1301.3064081668854,5.521531820297241, 1.2678305380872166
20,28.0,1301.3020160198212,5.52154016494751, 1.2678305380872166
20,28.0,1301.2945261001587,5.521526098251343, 1.2678328922350626
20,28.0,1301.2995200157166,5.521426439285278, 1.267859335938249
6,28.0,1306.8236117362976,5.528733253479004, 1.0852892553714777
6,28.0,1306.831110239029,5.527184009552002, 1.085597498216469
6,28.0,1306.8355195522308,5.5287652015686035, 1.0852884129061817
6,28.0,1306.8286917209625,5.5288026332855225, 1.085281720033912
13,28.0,1312.7518277168274,5.9162211418151855, 1.1832638377084954
13,28.0,1312.7399322986603,5.916233062744141, 1.1832544433307823
13,28.0,1312.7474422454834,5.916236639022827, 1.1832630270202737
13,28.0,1312.7449560165405,5.916230916976929, 1.183256779989474
20,28.0,1318.2671921253204,5.527221441268921, 1.2665246779057588
20,28.0,1318.274751663208,5.527283668518066, 1.2665238037495412
20,28.0,1318.2791590690613,5.527294397354126, 1.2665222739790638
20,28.0,1318.2722589969635,5.527273893356323, 1.2665168105432405
6,28.0,1323.7916405200958,5.524216890335083, 1.0861847392782316
6,28.0,1323.7966969013214,5.52404522895813, 1.0862221984348381
6,28.0,1323.8036215305328,5.524203777313232, 1.086203913917975
6,28.0,1323.7992355823517,5.522579908370972, 1.0865263742888915
13,28.0,1329.306028842926,5.514333009719849, 1.269498697212909
13,28.0,1329.3110320568085,5.5143141746521, 1.2695087973635841
13,28.0,1329.313549041748,5.514287233352661, 1.2695126398544114
13,28.0,1329.3180067539215,5.514352560043335, 1.26950605274152
20,28.0,1334.8251044750214,5.514044761657715, 1.269550297495503
20,28.0,1334.8201241493225,5.514050483703613, 1.2695488153012136
20,28.0,1334.832053899765,5.514021635055542, 1.2695635825025497
20,28.0,1334.8276636600494,5.514080047607422, 1.2695525482415975
6,28.0,1340.310602903366,5.490203857421875, 1.0929128324046449
6,28.0,1340.315583229065,5.4901347160339355, 1.0929265969972841
6,28.0,1340.318104505539,5.488591909408569, 1.0932347773073525
6,28.0,1340.3225557804108,5.490238666534424, 1.092913829139364
13,28.0,1345.8362247943878,5.51361870765686, 1.2696431885756136
13,28.0,1345.831847667694,5.513671398162842, 1.2696364903006854
13,28.0,1345.8244214057922,5.513756513595581, 1.2696279253963656
13,28.0,1345.8295261859894,5.513868093490601, 1.2696118390614877
20,28.0,1351.8551442623138,6.018839120864868, 1.1630809452083115
20,28.0,1351.8433182239532,6.018848657608032, 1.163090114133662
20,28.0,1351.8508167266846,6.018910884857178, 1.163077443546325
20,28.0,1351.8483686447144,6.018798112869263, 1.1631103415706618
6,28.0,1357.3738024234772,5.518391847610474, 1.0873267862835312
6,28.0,1357.3694396018982,5.516720294952393, 1.0876632170740894
6,28.0,1357.3619537353516,5.518319845199585, 1.0873551626831408
6,28.0,1357.366998910904,5.518333911895752, 1.0873536592605753
13,28.0,1362.891844034195,5.5298473834991455, 1.2659172664584697
13,28.0,1362.9037489891052,5.529908657073975, 1.2659112624219158
13,28.0,1362.896919965744,5.529874563217163, 1.265926873035418
13,28.0,1362.8995101451874,5.530034303665161, 1.2659016560818894
20,28.0,1368.4227828979492,5.523240804672241, 1.2674437553780327
20,28.0,1368.427185535431,5.52335262298584, 1.2674180402616724
20,28.0,1368.4153168201447,5.523387908935547, 1.2674091222841584
20,28.0,1368.4203612804413,5.523410081863403, 1.267425426411684
6,28.0,1373.9148502349854,5.499260663986206, 1.0911066081825505
6,28.0,1373.9267880916595,5.499383211135864, 1.0910909498692534
6,28.0,1373.9224359989166,5.497866153717041, 1.091391989883108
6,28.0,1373.9200484752655,5.499360084533691, 1.0911044793824425
13,28.0,1379.4441742897034,5.529305458068848, 1.2660445108434557
13,28.0,1379.4560573101044,5.529240369796753, 1.2660564669071703
13,28.0,1379.451654434204,5.52918267250061, 1.266066021001684
13,28.0,1379.4491991996765,5.529087781906128, 1.2661013451060696
20,28.0,1385.1851379871368,5.729010820388794, 1.221923882464753
20,28.0,1385.173261642456,5.729031324386597, 1.22191833933698
20,28.0,1385.1782577037811,5.729027032852173, 1.2219220008469347
20,28.0,1385.1808187961578,5.7290894985198975, 1.2219228653733207
6,28.0,1390.6970868110657,5.523461103439331, 1.0863236183540506
6,28.0,1390.7045850753784,5.521686315536499, 1.0866774937913732
6,28.0,1390.70898771286,5.523489952087402, 1.0863224929251059
6,28.0,1390.7022094726562,5.523499488830566, 1.0863265726161255
13,28.0,1396.2325882911682,5.535466909408569, 1.2646594105282782
13,28.0,1396.244484424591,5.535460710525513, 1.2646691614483139
13,28.0,1396.237576007843,5.53533935546875, 1.2646906793737087
13,28.0,1396.240097284317,5.535477876663208, 1.2646683443263373
20,28.0,1401.7415170669556,5.49697732925415, 1.2735041715537971
20,28.0,1401.737120628357,5.496974229812622, 1.2735061049083383
20,28.0,1401.7296347618103,5.496996879577637, 1.2734991448594624
20,28.0,1401.7346193790436,5.496997594833374, 1.2735024039204965
6,28.0,1407.2386960983276,5.508646726608276, 1.0892516992787282
6,28.0,1407.250608921051,5.508740425109863, 1.0892401957633602
6,28.0,1407.2462317943573,5.507265090942383, 1.0895346490763418
6,28.0,1407.2437727451324,5.508445501327515, 1.0893034681048839
13,28.0,1412.7590589523315,5.520329236984253, 1.2681036775623766
13,28.0,1412.7709891796112,5.520346403121948, 1.2681072924662489
13,28.0,1412.766586303711,5.520308256149292, 1.2681160011829362
13,28.0,1412.7641129493713,5.520293235778809, 1.268129420508846
20,28.0,1418.5255951881409,5.758947849273682, 1.21556115187828
20,28.0,1418.529994726181,5.7589476108551025, 1.215564473428336
20,28.0,1418.5181393623352,5.758998394012451, 1.2155418771809587
20,28.0,1418.5234744548798,5.759332180023193, 1.2155060973138385
5,24.0,1424.0460827350616,5.5277040004730225, 0.9045815048013751
5,24.0,1424.0580019950867,5.527684688568115, 0.9045890353466378
5,24.0,1424.0536170005798,5.526190996170044, 0.9048351151367771
5,24.0,1424.0517773628235,5.527930498123169, 0.9045867332495469
12,28.0,1429.538701057434,5.492558717727661, 1.274514236817604
12,28.0,1429.5462155342102,5.492552042007446, 1.2745227571210394
12,28.0,1429.5437366962433,5.491925001144409, 1.2746766401285299
12,28.0,1429.5506949424744,5.492633819580078, 1.2745223145050686
19,28.0,1435.0497705936432,5.511027574539185, 1.2702417065605622
19,28.0,1435.0616767406464,5.510954856872559, 1.2702762747995375
19,28.0,1435.0572946071625,5.510993242263794, 1.2702698446349072
19,28.0,1435.0551908016205,5.511376619338989, 1.2702146688042175
6,28.0,1441.3484649658203,5.5086259841918945, 1.0892670219613974
6,28.0,1441.3560268878937,5.50694727897644, 1.0896067776215042
6,28.0,1441.3535215854645,5.507974863052368, 1.0894104631754091
6,28.0,1441.3604896068573,5.50886082649231, 1.089235481278077
13,28.0,1446.8617703914642,5.513228178024292, 1.2697535555755648
13,28.0,1446.8693044185638,5.513229131698608, 1.2697481740529994
13,28.0,1446.8737299442291,5.513213157653809, 1.2697575642903867
13,28.0,1446.8667948246002,5.513239622116089, 1.2697600903428636
20,28.0,1452.5404183864594,5.678606033325195, 1.2711944226674452
20,28.0,1452.545402288437,5.678502321243286, 1.2712189152393372
20,28.0,1452.5524549484253,5.678648471832275, 1.27121275072787
20,28.0,1452.5481295585632,5.678761959075928, 1.271203173837575
5,24.0,1457.6274716854095,5.0780417919158936, 0.9846868117640182
5,24.0,1457.631885766983,5.079186677932739, 0.9844666459929572
5,24.0,1457.6199929714203,5.07929253578186, 0.9844468668646433
5,24.0,1457.6250591278076,5.079363584518433, 0.9844342049427501
12,28.0,1463.1103310585022,5.490289926528931, 1.2750493004608874
12,28.0,1463.1222593784332,5.49032998085022, 1.275048912851829
12,28.0,1463.117856502533,5.4903295040130615, 1.275048912851829
12,28.0,1463.1153421401978,5.490243673324585, 1.2750659678733416
19,28.0,1468.6130633354187,5.495149612426758, 1.27391417405141
19,28.0,1468.605584859848,5.4951746463775635, 1.2739143951482124
19,28.0,1468.6175019741058,5.4951841831207275, 1.2739131238426467
19,28.0,1468.6107461452484,5.495343446731567, 1.273889190607052
6,28.0,1474.922921180725,5.519698858261108, 1.0870759263006957
6,28.0,1474.9273238182068,5.521169900894165, 1.0867863202330748
6,28.0,1474.9154298305511,5.521195411682129, 1.0867811107087728
6,28.0,1474.9204654693604,5.521206855773926, 1.086786179434464
13,28.0,1480.4387533664703,5.515769004821777, 1.2691585696921932
13,28.0,1480.443152666092,5.5157670974731445, 1.2691579662074333
13,28.0,1480.4362852573395,5.515796661376953, 1.26916361704175
13,28.0,1480.4313161373138,5.5158233642578125, 1.2691571432745945
20,28.0,1485.9594492912292,5.523123502731323, 1.267460607552176
20,28.0,1485.954469203949,5.52311897277832, 1.2674614282863867
20,28.0,1485.9619665145874,5.523138761520386, 1.2674572699106696
20,28.0,1485.9663910865784,5.5231592655181885, 1.267456941619012
5,24.0,1491.0091485977173,5.045434474945068, 0.9910528637107141
5,24.0,1491.013551235199,5.046784162521362, 0.9907877590217868
5,24.0,1491.001742362976,5.046879768371582, 0.9907806908807822
5,24.0,1491.0067496299744,5.046899080276489, 0.9907758228158237
12,28.0,1496.5111646652222,5.5019471645355225, 1.272358118712315
12,28.0,1496.5036771297455,5.5018346309661865, 1.2723833729860754
12,28.0,1496.515590429306,5.501968145370483, 1.272358008433842
12,28.0,1496.508679151535,5.501823425292969, 1.272390706838559
19,28.0,1502.0398626327515,5.528659105300903, 1.266187507061897
19,28.0,1502.044261932373,5.528645992279053, 1.2661897459002003
19,28.0,1502.037361383438,5.528651237487793, 1.2661916025038227
19,28.0,1502.0328319072723,5.529120206832886, 1.2661412031083459
6,28.0,1508.3497049808502,5.52083683013916, 1.0868477119030997
6,28.0,1508.3541524410248,5.52200722694397, 1.0866258804177256
6,28.0,1508.342297554016,5.521717071533203, 1.0866898348060992
6,28.0,1508.3473043441772,5.522071838378906, 1.0866250827949682
13,28.0,1513.8679883480072,5.518231153488159, 1.2685886420936876
13,28.0,1513.872391462326,5.518202543258667, 1.2685948908082016
13,28.0,1513.8654775619507,5.518125772476196, 1.2686145691797657
13,28.0,1513.8605217933655,5.518133163452148, 1.2686144047340198
20,28.0,1519.3833990097046,5.517844915390015, 1.268665987973652
20,28.0,1519.378419160843,5.517834186553955, 1.2686672488279895
20,28.0,1519.3903765678406,5.5179266929626465, 1.2686538729357943
20,28.0,1519.3859903812408,5.5179407596588135, 1.2686521735598484
6,28.0,1525.4452250003815,6.054491281509399, 1.045815135194348
6,28.0,1525.440836429596,6.0535688400268555, 1.0459844862698924
6,28.0,1525.4385030269623,6.054751634597778, 1.0457980553405826
6,28.0,1525.433563709259,6.05473518371582, 1.0458079641954339
13,28.0,1530.9737210273743,5.5284342765808105, 1.2662502521383945
13,28.0,1530.9693286418915,5.52843713760376, 1.2662469754792083
13,28.0,1530.9618413448334,5.52822470664978, 1.2663004417540566
13,28.0,1530.9668519496918,5.528301000595093, 1.2662900649022584
20,28.0,1536.494686126709,5.52780556678772, 1.2663909460343394
20,28.0,1536.4897058010101,5.527819395065308, 1.266387832515936
20,28.0,1536.4972100257874,5.527851581573486, 1.2663811139231225
20,28.0,1536.5016312599182,5.527871608734131, 1.26638034920976
6,28.0,1542.0304734706879,5.528398513793945, 1.0853662060505773
6,28.0,1542.0185804367065,5.528481483459473, 1.0853486524715272
6,28.0,1542.026083946228,5.526983022689819, 1.0856463912035021
6,28.0,1542.0235817432404,5.528456211090088, 1.0853575930235075
13,28.0,1547.5434687137604,5.524808645248413, 1.2670751441334849
13,28.0,1547.5484492778778,5.524798631668091, 1.2670753081804158
13,28.0,1547.5509941577911,5.524832487106323, 1.2670753081804158
13,28.0,1547.5554621219635,5.524897813796997, 1.2670743238994682
20,28.0,1553.0647966861725,5.5093066692352295, 1.2706386125656264
20,28.0,1553.0604002475739,5.5093231201171875, 1.2706359180462448
20,28.0,1553.0529811382294,5.509444713592529, 1.2706167267999857
20,28.0,1553.0580167770386,5.509501695632935, 1.270616341881206
6,28.0,1558.8262915611267,5.772983074188232, 1.0877181259426996
6,28.0,1558.8312871456146,5.772987365722656, 1.0877200064815875
6,28.0,1558.833902835846,5.771468877792358, 1.0880383343584294
6,28.0,1558.8384552001953,5.773295164108276, 1.0876962181437868
12,24.0,1563.881767988205,5.043280363082886, 1.189772949207554
12,24.0,1563.877405166626,5.043431520462036, 1.1897429128463017
12,24.0,1563.8749663829803,5.043625831604004, 1.1897084910163522
12,24.0,1563.8700015544891,5.04363751411438, 1.1897014606587852
19,28.0,1569.4161522388458,5.53870964050293, 1.2638918478341117
19,28.0,1569.413655757904,5.538655519485474, 1.2639019677826078
19,28.0,1569.4086887836456,5.538662672042847, 1.2638997370273484
19,28.0,1569.4207537174225,5.538909912109375, 1.2638628490943145
6,28.0,1575.7042145729065,5.506907939910889, 1.0896013994933746
6,28.0,1575.709222793579,5.506939649581909, 1.089600455967598
6,28.0,1575.7117595672607,5.5053722858428955, 1.0899143627776267
6,28.0,1575.7161448001862,5.506920337677002, 1.0896078626888788
13,28.0,1581.227819442749,5.523559093475342, 1.2673655190108963
13,28.0,1581.232818365097,5.523547172546387, 1.2673688014615427
13,28.0,1581.2353162765503,5.523509740829468, 1.2673778829969264
13,28.0,1581.239760875702,5.523549556732178, 1.2673772264960286
20,28.0,1586.737351179123,5.509480237960815, 1.2706156270326623
20,28.0,1586.7492625713348,5.50947642326355, 1.2706188163631447
20,28.0,1586.7448761463165,5.509502649307251, 1.2706166168231676
20,28.0,1586.7423989772797,5.509547472000122, 1.270615352091129
6,28.0,1592.2826008796692,5.5359108448028564, 1.0838877533049742
6,28.0,1592.2800967693329,5.537278175354004, 1.0836212597075443
6,28.0,1592.2751162052155,5.537397623062134, 1.0835978835978837
6,28.0,1592.287058353424,5.537330627441406, 1.0836197199327657
13,28.0,1597.9240202903748,5.648831844329834, 1.2674945868374197
13,28.0,1597.9359962940216,5.648898124694824, 1.2674973774876956
13,28.0,1597.9290897846222,5.6489245891571045, 1.26749502458567
13,28.0,1597.9316384792328,5.648957967758179, 1.2674935471865372
20,28.0,1603.456132888794,5.532071590423584, 1.2654261062474021
20,28.0,1603.4611132144928,5.5319907665252686, 1.2654451410157042
20,28.0,1603.4636814594269,5.532005786895752, 1.2654502134144896
20,28.0,1603.4681069850922,5.5320751667022705, 1.2654381597161328
6,28.0,1608.9961757659912,5.527709245681763, 1.085499397700197
6,28.0,1608.991785287857,5.526500225067139, 1.0857433003763974
6,28.0,1608.98428440094,5.527896881103516, 1.0854644697682918
6,28.0,1608.989325761795,5.527807950973511, 1.0854914848752617
13,28.0,1614.5083630084991,5.5165205001831055, 1.2689999278194606
13,28.0,1614.5058822631836,5.5165276527404785, 1.2690037672304546
13,28.0,1614.5009021759033,5.516547679901123, 1.2689991599400496
13,28.0,1614.5128390789032,5.5165932178497314, 1.2689954302532724
20,28.0,1620.0351684093475,5.522301912307739, 1.2676704218072903
20,28.0,1620.0307657718658,5.52235746383667, 1.2676581068454966
20,28.0,1620.0232586860657,5.522324085235596, 1.2676627591362746
20,28.0,1620.0282702445984,5.522357225418091, 1.2676622118061756
6,28.0,1625.5854160785675,5.549894571304321, 1.0811810879715336
6,28.0,1625.5810132026672,5.548516511917114, 1.0814497286086235
6,28.0,1625.5784976482391,5.549894571304321, 1.0811808557215794
6,28.0,1625.573519706726,5.549915790557861, 1.0811769539372693
13,28.0,1631.2853972911835,5.699944257736206, 1.2688964370226234
13,28.0,1631.2810909748077,5.700026988983154, 1.2688963273433995
13,28.0,1631.2787985801697,5.700258493423462, 1.2688992338492435
13,28.0,1631.2738454341888,5.700277328491211, 1.2689004403272781
20,28.0,1636.790741443634,5.51683497428894, 1.268920566912859
20,28.0,1636.795728445053,5.516840219497681, 1.268920786279707
20,28.0,1636.7982482910156,5.517125368118286, 1.2688576117619477
20,28.0,1636.8026554584503,5.517205476760864, 1.2688399547316525
6,28.0,1642.3351299762726,5.532140016555786, 1.0846249565991826
6,28.0,1642.3232340812683,5.53218674659729, 1.084620609202807
6,28.0,1642.3282434940338,5.532183647155762, 1.084626966697461
6,28.0,1642.3309280872345,5.530943870544434, 1.0848724416719637
13,28.0,1647.8544228076935,5.52345871925354, 1.2673829161930728
13,28.0,1647.8519122600555,5.523636102676392, 1.267338275326745
13,28.0,1647.8469321727753,5.523642063140869, 1.26733614183467
13,28.0,1647.858850479126,5.5236616134643555, 1.2673419952788263
20,28.0,1653.3823096752167,5.523434400558472, 1.267390903738584
20,28.0,1653.3704409599304,5.523472785949707, 1.2673865816980334
20,28.0,1653.3754422664642,5.523495674133301, 1.2673861987338366
20,28.0,1653.378080368042,5.523623704910278, 1.2673597200563074
6,28.0,1658.901950597763,5.526260852813721, 1.085780635398819
6,28.0,1658.8969745635986,5.526317119598389, 1.0857703762095976
6,28.0,1658.9044675827026,5.5246803760528564, 1.0860913604897777
6,28.0,1658.9088916778564,5.526358366012573, 1.0857653169547845
13,28.0,1664.4327437877655,5.523817539215088, 1.2673094464385393
13,28.0,1664.4208688735962,5.523847818374634, 1.2673076412576765
13,28.0,1664.42587018013,5.523885726928711, 1.2673047420385681
13,28.0,1664.4284825325012,5.523963212966919, 1.267282478665958
20,28.0,1670.0435590744019,5.617650985717773, 1.246133088895377
20,28.0,1670.0460951328278,5.617583513259888, 1.2461607508102768
20,28.0,1670.0505230426788,5.617738246917725, 1.2461286990676825
20,28.0,1670.0386435985565,5.617741584777832, 1.2461268479447931
6,28.0,1675.5763602256775,5.525437116622925, 1.0859156156629255
6,28.0,1675.5646696090698,5.525639295578003, 1.085899965415445
6,28.0,1675.5721831321716,5.524209499359131, 1.0861943030726013
6,28.0,1675.569785118103,5.525820016860962, 1.0858854401402867
13,28.0,1681.0881247520447,5.515852451324463, 1.2691388195798219
13,28.0,1681.0806393623352,5.515888929367065, 1.2691290544735827
13,28.0,1681.0856206417084,5.515794277191162, 1.269153632106473
13,28.0,1681.0925414562225,5.51615047454834, 1.2690730451659658
20,28.0,1686.6152288913727,5.522597312927246, 1.2675892569343004
20,28.0,1686.6034135818481,5.522702693939209, 1.2675811574364337
20,28.0,1686.6109220981598,5.522699356079102, 1.2675833464797042
20,28.0,1686.6084415912628,5.522730588912964, 1.2675803912730752
